Fri Aug 09 01:54:54 CDT 2019,jneri, Juan's First Title, I feel like this is going to take a long while but it's going to have to get done.
Fri Aug 09 10:54:54 CDT 2019,mrobinson, What's the answer to life?, Never become a teacher because then you'll have student's making projects with your picture in them and that's hurtful.
Fri Aug 09 23:54:54 CDT 2019,auds,testing,test
Sat Aug 10 00:02:52 CDT 2019,jburgoa,post merge test,this is just a test dont panic
Sat Aug 10 03:11:49 CDT 2019,imagallanez,post,this in an example posts
Sun Aug 11 00:36:25 CDT 2019,jneri,test,test
Sun Aug 11 00:39:04 CDT 2019,jburgoa,testing,Yo I  hate  this  project
Mon Jan 18 02:11:28 CST 2021,jneri,test,test
Mon Jan 18 04:52:01 CST 2021,jneri,test,test
Sun Jan 24 04:16:06 CST 2021,jneri,testing,hello
Sun Jan 24 04:16:37 CST 2021,jneri,test,test
Sun Jan 24 04:16:40 CST 2021,jneri,test,testing
Sun Jan 24 04:16:50 CST 2021,jneri,test,testing again
Mon Feb 01 01:21:45 CST 2021,jneri,tes,test
Sun Jun 20 03:57:11 CDT 2021,jneri,hello, you suck
